
<!DOCTYPE mapper
	PUBLIC "-//mybatis.org//DTD Mapper 3.0//EN"
	"http://mybatis.org/dtd/mybatis-3-mapper.dtd">
<mapper namespace="google.drive.mapper.NotificationMapper">
    <select id="findList" resultType="notification">
        SELECT 
            id,

            fileId,

            content,

            userId
        FROM notification
    </select>
    
    
    <select id="findOneById" parameterType="long" resultType="notification">
        SELECT 
            id,

            fileId,

            content,

            userId
        FROM notification
        WHERE id = #{id}
    </select>
    
    <insert id="save" parameterType="notification" useGeneratedKeys="true" keyProperty="id">
        INSERT INTO notification (
                        fileId,
                        content,
                        userId
            ) 
        VALUES (
                        #{ fileId },
                        #{ content },
                        #{ userId }
            )
    </insert>
    
    <update id="update" parameterType="notification">
        UPDATE reservation
        SET 

            fileId = #{ fileId },

            content = #{ content },

            userId = #{ userId }
        WHERE id = #{id}
    </update>
    
    <delete id = "deleteById" parameterType="long">
        DELETE FROM notification WHERE id = #{id}
    </delete>
</mapper>
